,0,1
0,1252595367436267522,RT @kilonova_gold: I am on #TeamJoe because he will promptly re-staff our decimated federal agencies with qualified and capable people. Useâ€¦
1,1252595334393585665,"RT @Greg_Palast: In 2016, 512,696 mail-in ballots were rejectedâ€š thatâ€™s the official figure from the Elections Assistance Commission. And tâ€¦"
2,1252595262800793601,"RT @2020_lincoln: When I am president, I will always share my steak with you, just like my brother shares with me.  #beefitswhatsfordinnerâ€¦"
3,1252595174871633922,RT @Christo41833202: Itâ€™s mind boggling that a country that boasts about the power of its democracy and its place in the world order has aâ€¦
4,1252594905203068930,RT @WarRoom2020: Bannon: Mark Cuban is an â€˜Entrepreneurial Populistâ€™ #Election2020 https://t.co/naZ8i8rybC
5,1252594489635430400,"RT @cognitivediss00: @realDonaldTrump @joebiden does not care about black people, and Democrats @dnc never have. Supported 19 MILLION abortâ€¦"
6,1252594249247469568,"RT @H2OEcologist: ðŸ‘‡ðŸ‘‡ðŸ‘‡ What does the religious right see in him?
#ByeDon #Election2020
https://t.co/4ls27PMSXW"
7,1252593832371326976,"RT @donsmalley79: I bet there won't be a live debate  
""There's no debate! Trump has to go!  They will say
#fakenews #joebiden #PedoJoe #plâ€¦"
8,1252593813408923651,"RT @deepen915: #Election2020 #CongressionalBallot
ðŸŒŠðŸ‡ºðŸ‡²
Democrat: 46% (+11)
Republican: 35%

April 16-18 | 1,200 Registered Voters
RMG Researâ€¦"
9,1252593697566281728,"RT @ErinHott: What are you doing Wednesday, 4/22 at 7 PM MST? You're invited to join me for a Facebook Live to learn more about the @Healthâ€¦"
10,1252593654490898437,"RT @ConstitutionCtr: Are Americaâ€™s presidential elections in need of reform?
 
On April 23, @rickhasen and @Nedfoley join a virtual #Americâ€¦"
11,1252593465973780482,"RT @H2OEcologist: ðŸ‘‡ðŸ‘‡ðŸ‘‡ What does the religious right see in him?
#ByeDon #Election2020
https://t.co/4ls27PMSXW"
12,1252593459166277632,"RT @SewuBem: A Look at Iranian Newspaper Front Pages on April 21, the Islamic Republic of Iran seems to be Obsessed with US... details : htâ€¦"
